name,seo,childs
Блузки и рубашки,Женские блузки и рубашки,
Брюки,Женские брюки,
Верхняя одежда,Верхняя женская одежда,
"Джемперы, водолазки и кардиганы",Женские джемперы и кардиганы,
Джинсы,Женские джинсы и джеггинсы,
Комбинезоны,Комбинезоны и полукомбинезоны женские,
Костюмы,Женские костюмы,
Лонгсливы,Лонгсливы женские,
"Пиджаки, жилеты и жакеты",Женские пиджаки и жакеты,
Платья и сарафаны,Женские платья,
"Толстовки, свитшоты и худи",Толстовки женские,
Туники,Туники женские,
Футболки и топы,Женские футболки и топы,
Халаты,,
Шорты,Шорты женские,
Юбки,Женские юбки,
Белье,Женское белье,
Большие размеры,Женская одежда больших размеров,
Будущие мамы,Товары для беременных и кормящих мам,
Для высоких,Женская одежда для высоких,
Для невысоких,Женская одежда для невысоких,
Одежда для дома,Женская домашняя одежда,
Офис,Одежда для офиса женская,
Пляжная мода,Женская пляжная одежда и аксессуары,
Религиозная,Женская религиозная одежда,
Свадьба,Одежда и обувь для свадьбы,
Спецодежда и СИЗы,Женская спецодежда и аксессуары,
Подарки женщинам,Подарки для женщин,
